agent_type,subject_ID,modelrun_ID,game_name,game_level,episode_number,event_name,count
DDQN,NA,NA,aliens,0,0,"('alienBlue', 'portalSlow')",54
DDQN,NA,NA,aliens,0,0,"('base', 'sam')",8
DDQN,NA,NA,aliens,0,0,"('ENDOFSCREEN', 'alienBlue')",3
DDQN,NA,NA,aliens,0,0,"('base', 'bomb')",4
DDQN,NA,NA,aliens,0,0,"('avatar', 'bomb')",1
DDQN,NA,NA,aliens,0,0,"('alienBlue', 'sam')",2
DDQN,NA,NA,aliens,0,0,"('ENDOFSCREEN', 'sam')",5
DDQN,NA,NA,aliens,0,0,"('alienBlue', 'bomb')",5
DDQN,NA,NA,aliens,0,0,"('avatar', 'sam')",14
DDQN,NA,NA,aliens,0,1,"('alienBlue', 'portalSlow')",183
DDQN,NA,NA,aliens,0,1,"('base', 'sam')",21
DDQN,NA,NA,aliens,0,1,"('ENDOFSCREEN', 'alienBlue')",20
DDQN,NA,NA,aliens,0,1,"('ENDOFSCREEN', 'bomb')",11
DDQN,NA,NA,aliens,0,1,"('ENDOFSCREEN', 'avatar')",4
DDQN,NA,NA,aliens,0,1,"('base', 'bomb')",25
DDQN,NA,NA,aliens,0,1,"('avatar', 'bomb')",2
DDQN,NA,NA,aliens,0,1,"('alienBlue', 'sam')",11
DDQN,NA,NA,aliens,0,1,"('ENDOFSCREEN', 'sam')",22
DDQN,NA,NA,aliens,0,1,"('alienBlue', 'bomb')",54
DDQN,NA,NA,aliens,0,1,"('avatar', 'sam')",44
DDQN,NA,NA,aliens,0,1,"('alienBlue', 'base')",1
DDQN,NA,NA,aliens,0,1,"('bomb', 'sam')",3
DDQN,NA,NA,aliens,0,2,"('alienBlue', 'portalSlow')",262
DDQN,NA,NA,aliens,0,2,"('base', 'sam')",30
DDQN,NA,NA,aliens,0,2,"('ENDOFSCREEN', 'alienBlue')",25
DDQN,NA,NA,aliens,0,2,"('ENDOFSCREEN', 'bomb')",11
DDQN,NA,NA,aliens,0,2,"('ENDOFSCREEN', 'avatar')",5
DDQN,NA,NA,aliens,0,2,"('base', 'bomb')",30
DDQN,NA,NA,aliens,0,2,"('avatar', 'bomb')",3
DDQN,NA,NA,aliens,0,2,"('alienBlue', 'sam')",14
DDQN,NA,NA,aliens,0,2,"('ENDOFSCREEN', 'sam')",31
DDQN,NA,NA,aliens,0,2,"('alienBlue', 'bomb')",66
DDQN,NA,NA,aliens,0,2,"('avatar', 'sam')",63
DDQN,NA,NA,aliens,0,2,"('alienBlue', 'base')",1
DDQN,NA,NA,aliens,0,2,"('bomb', 'sam')",4
DDQN,NA,NA,aliens,0,3,"('alienBlue', 'portalSlow')",390
DDQN,NA,NA,aliens,0,3,"('base', 'sam')",43
DDQN,NA,NA,aliens,0,3,"('ENDOFSCREEN', 'alienBlue')",34
DDQN,NA,NA,aliens,0,3,"('ENDOFSCREEN', 'bomb')",16
DDQN,NA,NA,aliens,0,3,"('ENDOFSCREEN', 'avatar')",5
DDQN,NA,NA,aliens,0,3,"('base', 'bomb')",37
DDQN,NA,NA,aliens,0,3,"('avatar', 'bomb')",4
DDQN,NA,NA,aliens,0,3,"('alienBlue', 'sam')",23
DDQN,NA,NA,aliens,0,3,"('ENDOFSCREEN', 'sam')",42
DDQN,NA,NA,aliens,0,3,"('alienBlue', 'bomb')",80
DDQN,NA,NA,aliens,0,3,"('avatar', 'sam')",88
DDQN,NA,NA,aliens,0,3,"('alienBlue', 'base')",5
DDQN,NA,NA,aliens,0,3,"('bomb', 'sam')",4
DDQN,NA,NA,aliens,0,4,"('alienBlue', 'portalSlow')",456
DDQN,NA,NA,aliens,0,4,"('base', 'sam')",53
DDQN,NA,NA,aliens,0,4,"('ENDOFSCREEN', 'alienBlue')",35
DDQN,NA,NA,aliens,0,4,"('ENDOFSCREEN', 'bomb')",16
DDQN,NA,NA,aliens,0,4,"('ENDOFSCREEN', 'avatar')",5
DDQN,NA,NA,aliens,0,4,"('base', 'bomb')",44
DDQN,NA,NA,aliens,0,4,"('avatar', 'bomb')",5
DDQN,NA,NA,aliens,0,4,"('alienBlue', 'sam')",27
DDQN,NA,NA,aliens,0,4,"('ENDOFSCREEN', 'sam')",48
DDQN,NA,NA,aliens,0,4,"('alienBlue', 'bomb')",90
DDQN,NA,NA,aliens,0,4,"('avatar', 'sam')",105
DDQN,NA,NA,aliens,0,4,"('alienBlue', 'base')",5
DDQN,NA,NA,aliens,0,4,"('bomb', 'sam')",4
DDQN,NA,NA,aliens,0,5,"('alienBlue', 'portalSlow')",592
DDQN,NA,NA,aliens,0,5,"('base', 'sam')",68
DDQN,NA,NA,aliens,0,5,"('ENDOFSCREEN', 'alienBlue')",48
DDQN,NA,NA,aliens,0,5,"('ENDOFSCREEN', 'bomb')",23
DDQN,NA,NA,aliens,0,5,"('ENDOFSCREEN', 'avatar')",5
DDQN,NA,NA,aliens,0,5,"('base', 'bomb')",58
DDQN,NA,NA,aliens,0,5,"('avatar', 'bomb')",6
DDQN,NA,NA,aliens,0,5,"('alienBlue', 'sam')",35
DDQN,NA,NA,aliens,0,5,"('ENDOFSCREEN', 'sam')",60
DDQN,NA,NA,aliens,0,5,"('alienBlue', 'bomb')",121
DDQN,NA,NA,aliens,0,5,"('avatar', 'sam')",132
DDQN,NA,NA,aliens,0,5,"('alienBlue', 'base')",8
DDQN,NA,NA,aliens,0,5,"('bomb', 'sam')",6
DDQN,NA,NA,aliens,0,6,"('alienBlue', 'portalSlow')",714
DDQN,NA,NA,aliens,0,6,"('base', 'sam')",82
DDQN,NA,NA,aliens,0,6,"('ENDOFSCREEN', 'alienBlue')",59
DDQN,NA,NA,aliens,0,6,"('ENDOFSCREEN', 'bomb')",36
DDQN,NA,NA,aliens,0,6,"('ENDOFSCREEN', 'avatar')",5
DDQN,NA,NA,aliens,0,6,"('base', 'bomb')",72
DDQN,NA,NA,aliens,0,6,"('avatar', 'bomb')",7
DDQN,NA,NA,aliens,0,6,"('alienBlue', 'sam')",46
DDQN,NA,NA,aliens,0,6,"('ENDOFSCREEN', 'sam')",75
DDQN,NA,NA,aliens,0,6,"('alienBlue', 'bomb')",156
DDQN,NA,NA,aliens,0,6,"('avatar', 'sam')",162
DDQN,NA,NA,aliens,0,6,"('alienBlue', 'base')",13
DDQN,NA,NA,aliens,0,6,"('bomb', 'sam')",10
DDQN,NA,NA,aliens,0,7,"('alienBlue', 'portalSlow')",792
DDQN,NA,NA,aliens,0,7,"('base', 'sam')",90
DDQN,NA,NA,aliens,0,7,"('ENDOFSCREEN', 'alienBlue')",64
DDQN,NA,NA,aliens,0,7,"('ENDOFSCREEN', 'bomb')",41
DDQN,NA,NA,aliens,0,7,"('ENDOFSCREEN', 'avatar')",5
DDQN,NA,NA,aliens,0,7,"('base', 'bomb')",81
DDQN,NA,NA,aliens,0,7,"('avatar', 'bomb')",8
DDQN,NA,NA,aliens,0,7,"('alienBlue', 'sam')",47
DDQN,NA,NA,aliens,0,7,"('ENDOFSCREEN', 'sam')",81
DDQN,NA,NA,aliens,0,7,"('alienBlue', 'bomb')",176
DDQN,NA,NA,aliens,0,7,"('avatar', 'sam')",177
DDQN,NA,NA,aliens,0,7,"('alienBlue', 'base')",13
DDQN,NA,NA,aliens,0,7,"('bomb', 'sam')",12
DDQN,NA,NA,aliens,0,8,"('alienBlue', 'portalSlow')",934
DDQN,NA,NA,aliens,0,8,"('base', 'sam')",104
DDQN,NA,NA,aliens,0,8,"('ENDOFSCREEN', 'alienBlue')",76
DDQN,NA,NA,aliens,0,8,"('ENDOFSCREEN', 'bomb')",50
DDQN,NA,NA,aliens,0,8,"('ENDOFSCREEN', 'avatar')",5
DDQN,NA,NA,aliens,0,8,"('base', 'bomb')",91
DDQN,NA,NA,aliens,0,8,"('avatar', 'bomb')",9
DDQN,NA,NA,aliens,0,8,"('alienBlue', 'sam')",51
DDQN,NA,NA,aliens,0,8,"('ENDOFSCREEN', 'sam')",92
DDQN,NA,NA,aliens,0,8,"('alienBlue', 'bomb')",202
DDQN,NA,NA,aliens,0,8,"('avatar', 'sam')",203
DDQN,NA,NA,aliens,0,8,"('alienBlue', 'base')",16
DDQN,NA,NA,aliens,0,8,"('bomb', 'sam')",15
DDQN,NA,NA,aliens,0,9,"('alienBlue', 'portalSlow')",1061
DDQN,NA,NA,aliens,0,9,"('base', 'sam')",112
DDQN,NA,NA,aliens,0,9,"('ENDOFSCREEN', 'alienBlue')",87
DDQN,NA,NA,aliens,0,9,"('ENDOFSCREEN', 'bomb')",54
DDQN,NA,NA,aliens,0,9,"('ENDOFSCREEN', 'avatar')",11
DDQN,NA,NA,aliens,0,9,"('base', 'bomb')",103
DDQN,NA,NA,aliens,0,9,"('avatar', 'bomb')",10
DDQN,NA,NA,aliens,0,9,"('alienBlue', 'sam')",59
DDQN,NA,NA,aliens,0,9,"('ENDOFSCREEN', 'sam')",102
DDQN,NA,NA,aliens,0,9,"('portalSlow', 'sam')",1
DDQN,NA,NA,aliens,0,9,"('alienBlue', 'bomb')",224
DDQN,NA,NA,aliens,0,9,"('avatar', 'sam')",221
DDQN,NA,NA,aliens,0,9,"('alienBlue', 'base')",20
DDQN,NA,NA,aliens,0,9,"('bomb', 'sam')",16
DDQN,NA,NA,aliens,0,10,"('alienBlue', 'portalSlow')",1091
DDQN,NA,NA,aliens,0,10,"('base', 'sam')",120
DDQN,NA,NA,aliens,0,10,"('ENDOFSCREEN', 'alienBlue')",87
DDQN,NA,NA,aliens,0,10,"('ENDOFSCREEN', 'bomb')",54
DDQN,NA,NA,aliens,0,10,"('ENDOFSCREEN', 'avatar')",11
DDQN,NA,NA,aliens,0,10,"('base', 'bomb')",104
DDQN,NA,NA,aliens,0,10,"('avatar', 'bomb')",11
DDQN,NA,NA,aliens,0,10,"('alienBlue', 'sam')",60
DDQN,NA,NA,aliens,0,10,"('ENDOFSCREEN', 'sam')",103
DDQN,NA,NA,aliens,0,10,"('portalSlow', 'sam')",1
DDQN,NA,NA,aliens,0,10,"('alienBlue', 'bomb')",226
DDQN,NA,NA,aliens,0,10,"('avatar', 'sam')",230
DDQN,NA,NA,aliens,0,10,"('alienBlue', 'base')",20
DDQN,NA,NA,aliens,0,10,"('bomb', 'sam')",17
DDQN,NA,NA,aliens,0,11,"('alienBlue', 'portalSlow')",1119
DDQN,NA,NA,aliens,0,11,"('base', 'sam')",123
DDQN,NA,NA,aliens,0,11,"('ENDOFSCREEN', 'alienBlue')",87
DDQN,NA,NA,aliens,0,11,"('ENDOFSCREEN', 'bomb')",54
DDQN,NA,NA,aliens,0,11,"('ENDOFSCREEN', 'avatar')",11
DDQN,NA,NA,aliens,0,11,"('base', 'bomb')",105
DDQN,NA,NA,aliens,0,11,"('avatar', 'bomb')",12
DDQN,NA,NA,aliens,0,11,"('alienBlue', 'sam')",60
DDQN,NA,NA,aliens,0,11,"('ENDOFSCREEN', 'sam')",105
DDQN,NA,NA,aliens,0,11,"('portalSlow', 'sam')",1
DDQN,NA,NA,aliens,0,11,"('alienBlue', 'bomb')",228
DDQN,NA,NA,aliens,0,11,"('avatar', 'sam')",235
DDQN,NA,NA,aliens,0,11,"('alienBlue', 'base')",20
DDQN,NA,NA,aliens,0,11,"('bomb', 'sam')",17
DDQN,NA,NA,aliens,0,12,"('alienBlue', 'portalSlow')",1209
DDQN,NA,NA,aliens,0,12,"('base', 'sam')",137
DDQN,NA,NA,aliens,0,12,"('ENDOFSCREEN', 'alienBlue')",94
DDQN,NA,NA,aliens,0,12,"('ENDOFSCREEN', 'bomb')",61
DDQN,NA,NA,aliens,0,12,"('ENDOFSCREEN', 'avatar')",16
DDQN,NA,NA,aliens,0,12,"('base', 'bomb')",114
DDQN,NA,NA,aliens,0,12,"('avatar', 'bomb')",13
DDQN,NA,NA,aliens,0,12,"('alienBlue', 'sam')",67
DDQN,NA,NA,aliens,0,12,"('ENDOFSCREEN', 'sam')",114
DDQN,NA,NA,aliens,0,12,"('portalSlow', 'sam')",1
DDQN,NA,NA,aliens,0,12,"('alienBlue', 'bomb')",248
DDQN,NA,NA,aliens,0,12,"('avatar', 'sam')",258
DDQN,NA,NA,aliens,0,12,"('alienBlue', 'base')",20
DDQN,NA,NA,aliens,0,12,"('bomb', 'sam')",18
DDQN,NA,NA,aliens,0,13,"('alienBlue', 'portalSlow')",1328
DDQN,NA,NA,aliens,0,13,"('base', 'sam')",154
DDQN,NA,NA,aliens,0,13,"('ENDOFSCREEN', 'alienBlue')",104
DDQN,NA,NA,aliens,0,13,"('ENDOFSCREEN', 'bomb')",70
DDQN,NA,NA,aliens,0,13,"('ENDOFSCREEN', 'avatar')",16
DDQN,NA,NA,aliens,0,13,"('base', 'bomb')",124
DDQN,NA,NA,aliens,0,13,"('avatar', 'bomb')",14
DDQN,NA,NA,aliens,0,13,"('alienBlue', 'sam')",73
DDQN,NA,NA,aliens,0,13,"('ENDOFSCREEN', 'sam')",123
DDQN,NA,NA,aliens,0,13,"('portalSlow', 'sam')",1
DDQN,NA,NA,aliens,0,13,"('alienBlue', 'bomb')",269
DDQN,NA,NA,aliens,0,13,"('avatar', 'sam')",285
DDQN,NA,NA,aliens,0,13,"('alienBlue', 'base')",24
DDQN,NA,NA,aliens,0,13,"('bomb', 'sam')",19
DDQN,NA,NA,aliens,0,14,"('alienBlue', 'portalSlow')",1406
DDQN,NA,NA,aliens,0,14,"('base', 'sam')",161
DDQN,NA,NA,aliens,0,14,"('ENDOFSCREEN', 'alienBlue')",110
DDQN,NA,NA,aliens,0,14,"('ENDOFSCREEN', 'bomb')",73
DDQN,NA,NA,aliens,0,14,"('ENDOFSCREEN', 'avatar')",16
DDQN,NA,NA,aliens,0,14,"('base', 'bomb')",135
DDQN,NA,NA,aliens,0,14,"('avatar', 'bomb')",15
DDQN,NA,NA,aliens,0,14,"('alienBlue', 'sam')",75
DDQN,NA,NA,aliens,0,14,"('ENDOFSCREEN', 'sam')",129
DDQN,NA,NA,aliens,0,14,"('portalSlow', 'sam')",1
DDQN,NA,NA,aliens,0,14,"('alienBlue', 'bomb')",291
DDQN,NA,NA,aliens,0,14,"('avatar', 'sam')",299
DDQN,NA,NA,aliens,0,14,"('alienBlue', 'base')",24
DDQN,NA,NA,aliens,0,14,"('bomb', 'sam')",19
DDQN,NA,NA,aliens,0,15,"('alienBlue', 'portalSlow')",1537
DDQN,NA,NA,aliens,0,15,"('base', 'sam')",174
DDQN,NA,NA,aliens,0,15,"('ENDOFSCREEN', 'alienBlue')",123
DDQN,NA,NA,aliens,0,15,"('ENDOFSCREEN', 'bomb')",76
DDQN,NA,NA,aliens,0,15,"('ENDOFSCREEN', 'avatar')",16
DDQN,NA,NA,aliens,0,15,"('base', 'bomb')",148
DDQN,NA,NA,aliens,0,15,"('avatar', 'bomb')",16
DDQN,NA,NA,aliens,0,15,"('alienBlue', 'sam')",78
DDQN,NA,NA,aliens,0,15,"('ENDOFSCREEN', 'sam')",139
DDQN,NA,NA,aliens,0,15,"('portalSlow', 'sam')",1
DDQN,NA,NA,aliens,0,15,"('alienBlue', 'bomb')",314
DDQN,NA,NA,aliens,0,15,"('avatar', 'sam')",323
DDQN,NA,NA,aliens,0,15,"('alienBlue', 'base')",30
DDQN,NA,NA,aliens,0,15,"('bomb', 'sam')",19
DDQN,NA,NA,aliens,0,16,"('alienBlue', 'portalSlow')",1609
DDQN,NA,NA,aliens,0,16,"('base', 'sam')",181
DDQN,NA,NA,aliens,0,16,"('ENDOFSCREEN', 'alienBlue')",126
DDQN,NA,NA,aliens,0,16,"('ENDOFSCREEN', 'bomb')",80
DDQN,NA,NA,aliens,0,16,"('ENDOFSCREEN', 'avatar')",16
DDQN,NA,NA,aliens,0,16,"('base', 'bomb')",156
DDQN,NA,NA,aliens,0,16,"('avatar', 'bomb')",17
DDQN,NA,NA,aliens,0,16,"('alienBlue', 'sam')",81
DDQN,NA,NA,aliens,0,16,"('ENDOFSCREEN', 'sam')",144
DDQN,NA,NA,aliens,0,16,"('portalSlow', 'sam')",1
DDQN,NA,NA,aliens,0,16,"('alienBlue', 'bomb')",327
DDQN,NA,NA,aliens,0,16,"('avatar', 'sam')",336
DDQN,NA,NA,aliens,0,16,"('alienBlue', 'base')",30
DDQN,NA,NA,aliens,0,16,"('bomb', 'sam')",20
DDQN,NA,NA,aliens,0,17,"('alienBlue', 'portalSlow')",1737
DDQN,NA,NA,aliens,0,17,"('base', 'sam')",193
DDQN,NA,NA,aliens,0,17,"('ENDOFSCREEN', 'alienBlue')",135
DDQN,NA,NA,aliens,0,17,"('ENDOFSCREEN', 'bomb')",86
DDQN,NA,NA,aliens,0,17,"('ENDOFSCREEN', 'avatar')",16
DDQN,NA,NA,aliens,0,17,"('base', 'bomb')",166
DDQN,NA,NA,aliens,0,17,"('avatar', 'bomb')",18
DDQN,NA,NA,aliens,0,17,"('alienBlue', 'sam')",87
DDQN,NA,NA,aliens,0,17,"('ENDOFSCREEN', 'sam')",153
DDQN,NA,NA,aliens,0,17,"('portalSlow', 'sam')",1
DDQN,NA,NA,aliens,0,17,"('alienBlue', 'bomb')",348
DDQN,NA,NA,aliens,0,17,"('avatar', 'sam')",358
DDQN,NA,NA,aliens,0,17,"('alienBlue', 'base')",33
DDQN,NA,NA,aliens,0,17,"('bomb', 'sam')",20
DDQN,NA,NA,aliens,0,18,"('alienBlue', 'portalSlow')",1833
DDQN,NA,NA,aliens,0,18,"('base', 'sam')",202
DDQN,NA,NA,aliens,0,18,"('ENDOFSCREEN', 'alienBlue')",141
DDQN,NA,NA,aliens,0,18,"('ENDOFSCREEN', 'bomb')",87
DDQN,NA,NA,aliens,0,18,"('ENDOFSCREEN', 'avatar')",16
DDQN,NA,NA,aliens,0,18,"('base', 'bomb')",175
DDQN,NA,NA,aliens,0,18,"('avatar', 'bomb')",19
DDQN,NA,NA,aliens,0,18,"('alienBlue', 'sam')",92
DDQN,NA,NA,aliens,0,18,"('ENDOFSCREEN', 'sam')",163
DDQN,NA,NA,aliens,0,18,"('portalSlow', 'sam')",1
DDQN,NA,NA,aliens,0,18,"('alienBlue', 'bomb')",364
DDQN,NA,NA,aliens,0,18,"('avatar', 'sam')",378
DDQN,NA,NA,aliens,0,18,"('alienBlue', 'base')",37
DDQN,NA,NA,aliens,0,18,"('bomb', 'sam')",22
DDQN,NA,NA,aliens,0,19,"('alienBlue', 'portalSlow')",1905
DDQN,NA,NA,aliens,0,19,"('base', 'sam')",211
DDQN,NA,NA,aliens,0,19,"('ENDOFSCREEN', 'alienBlue')",146
DDQN,NA,NA,aliens,0,19,"('ENDOFSCREEN', 'bomb')",88
DDQN,NA,NA,aliens,0,19,"('ENDOFSCREEN', 'avatar')",16
DDQN,NA,NA,aliens,0,19,"('base', 'bomb')",179
DDQN,NA,NA,aliens,0,19,"('avatar', 'bomb')",20
DDQN,NA,NA,aliens,0,19,"('alienBlue', 'sam')",94
DDQN,NA,NA,aliens,0,19,"('ENDOFSCREEN', 'sam')",170
DDQN,NA,NA,aliens,0,19,"('portalSlow', 'sam')",1
DDQN,NA,NA,aliens,0,19,"('alienBlue', 'bomb')",371
DDQN,NA,NA,aliens,0,19,"('avatar', 'sam')",394
DDQN,NA,NA,aliens,0,19,"('alienBlue', 'base')",37
DDQN,NA,NA,aliens,0,19,"('bomb', 'sam')",24
DDQN,NA,NA,aliens,0,20,"('alienBlue', 'portalSlow')",2055
DDQN,NA,NA,aliens,0,20,"('base', 'sam')",223
DDQN,NA,NA,aliens,0,20,"('ENDOFSCREEN', 'alienBlue')",180
DDQN,NA,NA,aliens,0,20,"('ENDOFSCREEN', 'bomb')",108
DDQN,NA,NA,aliens,0,20,"('ENDOFSCREEN', 'avatar')",16
DDQN,NA,NA,aliens,0,20,"('base', 'bomb')",202
DDQN,NA,NA,aliens,0,20,"('avatar', 'bomb')",21
DDQN,NA,NA,aliens,0,20,"('alienBlue', 'sam')",109
DDQN,NA,NA,aliens,0,20,"('ENDOFSCREEN', 'sam')",194
DDQN,NA,NA,aliens,0,20,"('portalSlow', 'sam')",1
DDQN,NA,NA,aliens,0,20,"('alienBlue', 'bomb')",436
DDQN,NA,NA,aliens,0,20,"('avatar', 'sam')",431
DDQN,NA,NA,aliens,0,20,"('alienBlue', 'base')",41
DDQN,NA,NA,aliens,0,20,"('bomb', 'sam')",29
DDQN,NA,NA,aliens,0,21,"('alienBlue', 'avatar')",1
DDQN,NA,NA,aliens,0,21,"('alienBlue', 'portalSlow')",2191
DDQN,NA,NA,aliens,0,21,"('base', 'sam')",243
DDQN,NA,NA,aliens,0,21,"('ENDOFSCREEN', 'alienBlue')",225
DDQN,NA,NA,aliens,0,21,"('ENDOFSCREEN', 'bomb')",150
DDQN,NA,NA,aliens,0,21,"('ENDOFSCREEN', 'avatar')",27
DDQN,NA,NA,aliens,0,21,"('base', 'bomb')",220
DDQN,NA,NA,aliens,0,21,"('avatar', 'bomb')",21
DDQN,NA,NA,aliens,0,21,"('alienBlue', 'sam')",128
DDQN,NA,NA,aliens,0,21,"('ENDOFSCREEN', 'sam')",278
DDQN,NA,NA,aliens,0,21,"('portalSlow', 'sam')",1
DDQN,NA,NA,aliens,0,21,"('alienBlue', 'bomb')",503
DDQN,NA,NA,aliens,0,21,"('avatar', 'sam')",536
DDQN,NA,NA,aliens,0,21,"('alienBlue', 'base')",46
DDQN,NA,NA,aliens,0,21,"('bomb', 'sam')",33
DDQN,NA,NA,aliens,0,22,"('alienBlue', 'avatar')",1
DDQN,NA,NA,aliens,0,22,"('alienBlue', 'portalSlow')",2233
DDQN,NA,NA,aliens,0,22,"('base', 'sam')",251
DDQN,NA,NA,aliens,0,22,"('ENDOFSCREEN', 'alienBlue')",226
DDQN,NA,NA,aliens,0,22,"('ENDOFSCREEN', 'bomb')",150
DDQN,NA,NA,aliens,0,22,"('ENDOFSCREEN', 'avatar')",27
DDQN,NA,NA,aliens,0,22,"('base', 'bomb')",222
DDQN,NA,NA,aliens,0,22,"('avatar', 'bomb')",22
DDQN,NA,NA,aliens,0,22,"('alienBlue', 'sam')",128
DDQN,NA,NA,aliens,0,22,"('ENDOFSCREEN', 'sam')",281
DDQN,NA,NA,aliens,0,22,"('portalSlow', 'sam')",1
DDQN,NA,NA,aliens,0,22,"('alienBlue', 'bomb')",506
DDQN,NA,NA,aliens,0,22,"('avatar', 'sam')",547
DDQN,NA,NA,aliens,0,22,"('alienBlue', 'base')",46
DDQN,NA,NA,aliens,0,22,"('bomb', 'sam')",34
DDQN,NA,NA,aliens,0,23,"('alienBlue', 'avatar')",1
DDQN,NA,NA,aliens,0,23,"('alienBlue', 'portalSlow')",2293
DDQN,NA,NA,aliens,0,23,"('base', 'sam')",260
DDQN,NA,NA,aliens,0,23,"('ENDOFSCREEN', 'alienBlue')",229
DDQN,NA,NA,aliens,0,23,"('ENDOFSCREEN', 'bomb')",151
DDQN,NA,NA,aliens,0,23,"('ENDOFSCREEN', 'avatar')",27
DDQN,NA,NA,aliens,0,23,"('base', 'bomb')",223
DDQN,NA,NA,aliens,0,23,"('avatar', 'bomb')",23
DDQN,NA,NA,aliens,0,23,"('alienBlue', 'sam')",128
DDQN,NA,NA,aliens,0,23,"('ENDOFSCREEN', 'sam')",281
DDQN,NA,NA,aliens,0,23,"('portalSlow', 'sam')",1
DDQN,NA,NA,aliens,0,23,"('alienBlue', 'bomb')",516
DDQN,NA,NA,aliens,0,23,"('avatar', 'sam')",557
DDQN,NA,NA,aliens,0,23,"('alienBlue', 'base')",46
DDQN,NA,NA,aliens,0,23,"('bomb', 'sam')",34
DDQN,NA,NA,aliens,0,24,"('alienBlue', 'avatar')",1
DDQN,NA,NA,aliens,0,24,"('alienBlue', 'portalSlow')",2383
DDQN,NA,NA,aliens,0,24,"('base', 'sam')",270
DDQN,NA,NA,aliens,0,24,"('ENDOFSCREEN', 'alienBlue')",235
DDQN,NA,NA,aliens,0,24,"('ENDOFSCREEN', 'bomb')",155
DDQN,NA,NA,aliens,0,24,"('ENDOFSCREEN', 'avatar')",27
DDQN,NA,NA,aliens,0,24,"('base', 'bomb')",232
DDQN,NA,NA,aliens,0,24,"('avatar', 'bomb')",24
DDQN,NA,NA,aliens,0,24,"('alienBlue', 'sam')",131
DDQN,NA,NA,aliens,0,24,"('ENDOFSCREEN', 'sam')",288
DDQN,NA,NA,aliens,0,24,"('portalSlow', 'sam')",1
DDQN,NA,NA,aliens,0,24,"('alienBlue', 'bomb')",532
DDQN,NA,NA,aliens,0,24,"('avatar', 'sam')",574
DDQN,NA,NA,aliens,0,24,"('alienBlue', 'base')",46
DDQN,NA,NA,aliens,0,24,"('bomb', 'sam')",34
DDQN,NA,NA,aliens,0,25,"('alienBlue', 'avatar')",1
DDQN,NA,NA,aliens,0,25,"('alienBlue', 'portalSlow')",2533
DDQN,NA,NA,aliens,0,25,"('base', 'sam')",291
DDQN,NA,NA,aliens,0,25,"('ENDOFSCREEN', 'alienBlue')",268
DDQN,NA,NA,aliens,0,25,"('ENDOFSCREEN', 'bomb')",182
DDQN,NA,NA,aliens,0,25,"('ENDOFSCREEN', 'avatar')",27
DDQN,NA,NA,aliens,0,25,"('base', 'bomb')",247
DDQN,NA,NA,aliens,0,25,"('avatar', 'bomb')",25
DDQN,NA,NA,aliens,0,25,"('alienBlue', 'sam')",144
DDQN,NA,NA,aliens,0,25,"('ENDOFSCREEN', 'sam')",310
DDQN,NA,NA,aliens,0,25,"('portalSlow', 'sam')",1
DDQN,NA,NA,aliens,0,25,"('alienBlue', 'bomb')",590
DDQN,NA,NA,aliens,0,25,"('avatar', 'sam')",618
DDQN,NA,NA,aliens,0,25,"('alienBlue', 'base')",52
DDQN,NA,NA,aliens,0,25,"('bomb', 'sam')",39
DDQN,NA,NA,aliens,0,26,"('alienBlue', 'avatar')",1
DDQN,NA,NA,aliens,0,26,"('alienBlue', 'portalSlow')",2623
DDQN,NA,NA,aliens,0,26,"('base', 'sam')",301
DDQN,NA,NA,aliens,0,26,"('ENDOFSCREEN', 'alienBlue')",275
DDQN,NA,NA,aliens,0,26,"('ENDOFSCREEN', 'bomb')",184
DDQN,NA,NA,aliens,0,26,"('ENDOFSCREEN', 'avatar')",37
DDQN,NA,NA,aliens,0,26,"('base', 'bomb')",260
DDQN,NA,NA,aliens,0,26,"('avatar', 'bomb')",26
DDQN,NA,NA,aliens,0,26,"('alienBlue', 'sam')",145
DDQN,NA,NA,aliens,0,26,"('ENDOFSCREEN', 'sam')",318
DDQN,NA,NA,aliens,0,26,"('portalSlow', 'sam')",1
DDQN,NA,NA,aliens,0,26,"('alienBlue', 'bomb')",610
DDQN,NA,NA,aliens,0,26,"('avatar', 'sam')",637
DDQN,NA,NA,aliens,0,26,"('alienBlue', 'base')",52
DDQN,NA,NA,aliens,0,26,"('bomb', 'sam')",39
DDQN,NA,NA,aliens,0,27,"('alienBlue', 'avatar')",1
DDQN,NA,NA,aliens,0,27,"('alienBlue', 'portalSlow')",2720
DDQN,NA,NA,aliens,0,27,"('base', 'sam')",314
DDQN,NA,NA,aliens,0,27,"('ENDOFSCREEN', 'alienBlue')",283
DDQN,NA,NA,aliens,0,27,"('ENDOFSCREEN', 'bomb')",188
DDQN,NA,NA,aliens,0,27,"('ENDOFSCREEN', 'avatar')",41
DDQN,NA,NA,aliens,0,27,"('base', 'bomb')",273
DDQN,NA,NA,aliens,0,27,"('avatar', 'bomb')",27
DDQN,NA,NA,aliens,0,27,"('alienBlue', 'sam')",149
DDQN,NA,NA,aliens,0,27,"('ENDOFSCREEN', 'sam')",327
DDQN,NA,NA,aliens,0,27,"('portalSlow', 'sam')",1
DDQN,NA,NA,aliens,0,27,"('alienBlue', 'bomb')",635
DDQN,NA,NA,aliens,0,27,"('avatar', 'sam')",659
DDQN,NA,NA,aliens,0,27,"('alienBlue', 'base')",58
DDQN,NA,NA,aliens,0,27,"('bomb', 'sam')",39
DDQN,NA,NA,aliens,0,28,"('alienBlue', 'avatar')",1
DDQN,NA,NA,aliens,0,28,"('alienBlue', 'portalSlow')",2856
DDQN,NA,NA,aliens,0,28,"('base', 'sam')",331
DDQN,NA,NA,aliens,0,28,"('ENDOFSCREEN', 'alienBlue')",319
DDQN,NA,NA,aliens,0,28,"('ENDOFSCREEN', 'bomb')",223
DDQN,NA,NA,aliens,0,28,"('ENDOFSCREEN', 'avatar')",48
DDQN,NA,NA,aliens,0,28,"('base', 'bomb')",292
DDQN,NA,NA,aliens,0,28,"('avatar', 'bomb')",27
DDQN,NA,NA,aliens,0,28,"('alienBlue', 'sam')",168
DDQN,NA,NA,aliens,0,28,"('ENDOFSCREEN', 'sam')",385
DDQN,NA,NA,aliens,0,28,"('portalSlow', 'sam')",1
DDQN,NA,NA,aliens,0,28,"('alienBlue', 'bomb')",703
DDQN,NA,NA,aliens,0,28,"('avatar', 'sam')",735
DDQN,NA,NA,aliens,0,28,"('alienBlue', 'base')",62
DDQN,NA,NA,aliens,0,28,"('bomb', 'sam')",43
DDQN,NA,NA,aliens,1,29,"('alienBlue', 'avatar')",1
DDQN,NA,NA,aliens,1,29,"('alienBlue', 'portalSlow')",2856
DDQN,NA,NA,aliens,1,29,"('base', 'sam')",340
DDQN,NA,NA,aliens,1,29,"('alienGreen', 'portalFast')",80
DDQN,NA,NA,aliens,1,29,"('ENDOFSCREEN', 'alienBlue')",319
DDQN,NA,NA,aliens,1,29,"('ENDOFSCREEN', 'bomb')",224
DDQN,NA,NA,aliens,1,29,"('ENDOFSCREEN', 'avatar')",48
DDQN,NA,NA,aliens,1,29,"('base', 'bomb')",302
DDQN,NA,NA,aliens,1,29,"('avatar', 'bomb')",28
DDQN,NA,NA,aliens,1,29,"('alienBlue', 'sam')",168
DDQN,NA,NA,aliens,1,29,"('ENDOFSCREEN', 'sam')",388
DDQN,NA,NA,aliens,1,29,"('portalSlow', 'sam')",1
DDQN,NA,NA,aliens,1,29,"('ENDOFSCREEN', 'alienGreen')",3
DDQN,NA,NA,aliens,1,29,"('alienBlue', 'bomb')",703
DDQN,NA,NA,aliens,1,29,"('avatar', 'sam')",748
DDQN,NA,NA,aliens,1,29,"('alienGreen', 'sam')",3
DDQN,NA,NA,aliens,1,29,"('alienGreen', 'bomb')",15
DDQN,NA,NA,aliens,1,29,"('alienBlue', 'base')",62
DDQN,NA,NA,aliens,1,29,"('bomb', 'sam')",44
DDQN,NA,NA,aliens,1,30,"('alienBlue', 'avatar')",1
DDQN,NA,NA,aliens,1,30,"('alienBlue', 'portalSlow')",2856
DDQN,NA,NA,aliens,1,30,"('base', 'sam')",354
DDQN,NA,NA,aliens,1,30,"('alienGreen', 'portalFast')",172
DDQN,NA,NA,aliens,1,30,"('ENDOFSCREEN', 'alienBlue')",319
DDQN,NA,NA,aliens,1,30,"('ENDOFSCREEN', 'bomb')",225
DDQN,NA,NA,aliens,1,30,"('ENDOFSCREEN', 'avatar')",48
DDQN,NA,NA,aliens,1,30,"('base', 'bomb')",306
DDQN,NA,NA,aliens,1,30,"('avatar', 'bomb')",29
DDQN,NA,NA,aliens,1,30,"('alienBlue', 'sam')",168
DDQN,NA,NA,aliens,1,30,"('ENDOFSCREEN', 'sam')",394
DDQN,NA,NA,aliens,1,30,"('portalSlow', 'sam')",1
DDQN,NA,NA,aliens,1,30,"('ENDOFSCREEN', 'alienGreen')",9
DDQN,NA,NA,aliens,1,30,"('alienBlue', 'bomb')",703
DDQN,NA,NA,aliens,1,30,"('avatar', 'sam')",768
DDQN,NA,NA,aliens,1,30,"('alienGreen', 'sam')",5
DDQN,NA,NA,aliens,1,30,"('alienGreen', 'bomb')",24
DDQN,NA,NA,aliens,1,30,"('alienBlue', 'base')",62
DDQN,NA,NA,aliens,1,30,"('bomb', 'sam')",45
DDQN,NA,NA,aliens,1,31,"('alienGreen', 'base')",4
DDQN,NA,NA,aliens,1,31,"('alienBlue', 'avatar')",1
DDQN,NA,NA,aliens,1,31,"('alienBlue', 'portalSlow')",2856
DDQN,NA,NA,aliens,1,31,"('base', 'sam')",370
DDQN,NA,NA,aliens,1,31,"('alienGreen', 'portalFast')",289
DDQN,NA,NA,aliens,1,31,"('ENDOFSCREEN', 'alienBlue')",319
DDQN,NA,NA,aliens,1,31,"('ENDOFSCREEN', 'bomb')",239
DDQN,NA,NA,aliens,1,31,"('ENDOFSCREEN', 'avatar')",59
DDQN,NA,NA,aliens,1,31,"('base', 'bomb')",324
DDQN,NA,NA,aliens,1,31,"('avatar', 'bomb')",30
DDQN,NA,NA,aliens,1,31,"('alienBlue', 'sam')",168
DDQN,NA,NA,aliens,1,31,"('ENDOFSCREEN', 'sam')",406
DDQN,NA,NA,aliens,1,31,"('portalSlow', 'sam')",1
DDQN,NA,NA,aliens,1,31,"('ENDOFSCREEN', 'alienGreen')",28
DDQN,NA,NA,aliens,1,31,"('alienBlue', 'bomb')",703
DDQN,NA,NA,aliens,1,31,"('avatar', 'sam')",797
DDQN,NA,NA,aliens,1,31,"('alienGreen', 'sam')",16
DDQN,NA,NA,aliens,1,31,"('alienGreen', 'bomb')",67
DDQN,NA,NA,aliens,1,31,"('alienBlue', 'base')",62
DDQN,NA,NA,aliens,1,31,"('bomb', 'sam')",45
DDQN,NA,NA,aliens,1,32,"('alienGreen', 'base')",4
DDQN,NA,NA,aliens,1,32,"('alienBlue', 'avatar')",1
DDQN,NA,NA,aliens,1,32,"('alienBlue', 'portalSlow')",2856
DDQN,NA,NA,aliens,1,32,"('base', 'sam')",384
DDQN,NA,NA,aliens,1,32,"('alienGreen', 'portalFast')",404
DDQN,NA,NA,aliens,1,32,"('ENDOFSCREEN', 'alienBlue')",319
DDQN,NA,NA,aliens,1,32,"('ENDOFSCREEN', 'bomb')",252
DDQN,NA,NA,aliens,1,32,"('ENDOFSCREEN', 'avatar')",59
DDQN,NA,NA,aliens,1,32,"('base', 'bomb')",346
DDQN,NA,NA,aliens,1,32,"('avatar', 'bomb')",31
DDQN,NA,NA,aliens,1,32,"('alienBlue', 'sam')",168
DDQN,NA,NA,aliens,1,32,"('ENDOFSCREEN', 'sam')",428
DDQN,NA,NA,aliens,1,32,"('portalSlow', 'sam')",1
DDQN,NA,NA,aliens,1,32,"('ENDOFSCREEN', 'alienGreen')",54
DDQN,NA,NA,aliens,1,32,"('alienBlue', 'bomb')",703
DDQN,NA,NA,aliens,1,32,"('avatar', 'sam')",833
DDQN,NA,NA,aliens,1,32,"('alienGreen', 'sam')",31
DDQN,NA,NA,aliens,1,32,"('alienGreen', 'bomb')",109
DDQN,NA,NA,aliens,1,32,"('alienBlue', 'base')",62
DDQN,NA,NA,aliens,1,32,"('bomb', 'sam')",47
DDQN,NA,NA,aliens,1,33,"('alienGreen', 'base')",7
DDQN,NA,NA,aliens,1,33,"('alienBlue', 'avatar')",1
DDQN,NA,NA,aliens,1,33,"('alienBlue', 'portalSlow')",2856
DDQN,NA,NA,aliens,1,33,"('base', 'sam')",397
DDQN,NA,NA,aliens,1,33,"('alienGreen', 'portalFast')",521
DDQN,NA,NA,aliens,1,33,"('ENDOFSCREEN', 'alienBlue')",319
DDQN,NA,NA,aliens,1,33,"('ENDOFSCREEN', 'bomb')",262
DDQN,NA,NA,aliens,1,33,"('ENDOFSCREEN', 'avatar')",71
DDQN,NA,NA,aliens,1,33,"('base', 'bomb')",364
DDQN,NA,NA,aliens,1,33,"('avatar', 'bomb')",31
DDQN,NA,NA,aliens,1,33,"('alienBlue', 'sam')",168
DDQN,NA,NA,aliens,1,33,"('ENDOFSCREEN', 'sam')",454
DDQN,NA,NA,aliens,1,33,"('portalSlow', 'sam')",1
DDQN,NA,NA,aliens,1,33,"('ENDOFSCREEN', 'alienGreen')",78
DDQN,NA,NA,aliens,1,33,"('alienBlue', 'bomb')",703
DDQN,NA,NA,aliens,1,33,"('avatar', 'sam')",873
DDQN,NA,NA,aliens,1,33,"('alienGreen', 'sam')",51
DDQN,NA,NA,aliens,1,33,"('alienGreen', 'bomb')",141
DDQN,NA,NA,aliens,1,33,"('alienBlue', 'base')",62
DDQN,NA,NA,aliens,1,33,"('bomb', 'sam')",49
DDQN,NA,NA,aliens,2,34,"('alienGreen', 'base')",7
DDQN,NA,NA,aliens,2,34,"('alienBlue', 'avatar')",1
DDQN,NA,NA,aliens,2,34,"('alienBlue', 'portalSlow')",2956
DDQN,NA,NA,aliens,2,34,"('base', 'sam')",402
DDQN,NA,NA,aliens,2,34,"('alienGreen', 'portalFast')",521
DDQN,NA,NA,aliens,2,34,"('ENDOFSCREEN', 'alienBlue')",327
DDQN,NA,NA,aliens,2,34,"('ENDOFSCREEN', 'bomb')",263
DDQN,NA,NA,aliens,2,34,"('ENDOFSCREEN', 'avatar')",71
DDQN,NA,NA,aliens,2,34,"('base', 'bomb')",379
DDQN,NA,NA,aliens,2,34,"('avatar', 'bomb')",32
DDQN,NA,NA,aliens,2,34,"('alienBlue', 'sam')",172
DDQN,NA,NA,aliens,2,34,"('ENDOFSCREEN', 'sam')",465
DDQN,NA,NA,aliens,2,34,"('portalSlow', 'sam')",1
DDQN,NA,NA,aliens,2,34,"('ENDOFSCREEN', 'alienGreen')",78
DDQN,NA,NA,aliens,2,34,"('alienBlue', 'bomb')",727
DDQN,NA,NA,aliens,2,34,"('avatar', 'sam')",890
DDQN,NA,NA,aliens,2,34,"('alienGreen', 'sam')",51
DDQN,NA,NA,aliens,2,34,"('alienGreen', 'bomb')",141
DDQN,NA,NA,aliens,2,34,"('alienBlue', 'base')",65
DDQN,NA,NA,aliens,2,34,"('bomb', 'sam')",51
DDQN,NA,NA,aliens,2,35,"('alienGreen', 'base')",7
DDQN,NA,NA,aliens,2,35,"('alienBlue', 'avatar')",1
DDQN,NA,NA,aliens,2,35,"('alienBlue', 'portalSlow')",3058
DDQN,NA,NA,aliens,2,35,"('base', 'sam')",411
DDQN,NA,NA,aliens,2,35,"('alienGreen', 'portalFast')",521
DDQN,NA,NA,aliens,2,35,"('ENDOFSCREEN', 'alienBlue')",332
DDQN,NA,NA,aliens,2,35,"('ENDOFSCREEN', 'bomb')",263
DDQN,NA,NA,aliens,2,35,"('ENDOFSCREEN', 'avatar')",71
DDQN,NA,NA,aliens,2,35,"('base', 'bomb')",387
DDQN,NA,NA,aliens,2,35,"('avatar', 'bomb')",33
DDQN,NA,NA,aliens,2,35,"('alienBlue', 'sam')",181
DDQN,NA,NA,aliens,2,35,"('ENDOFSCREEN', 'sam')",476
DDQN,NA,NA,aliens,2,35,"('portalSlow', 'sam')",1
DDQN,NA,NA,aliens,2,35,"('ENDOFSCREEN', 'alienGreen')",78
DDQN,NA,NA,aliens,2,35,"('alienBlue', 'bomb')",740
DDQN,NA,NA,aliens,2,35,"('avatar', 'sam')",910
DDQN,NA,NA,aliens,2,35,"('alienGreen', 'sam')",51
DDQN,NA,NA,aliens,2,35,"('alienGreen', 'bomb')",141
DDQN,NA,NA,aliens,2,35,"('alienBlue', 'base')",65
DDQN,NA,NA,aliens,2,35,"('bomb', 'sam')",52
DDQN,NA,NA,aliens,2,36,"('alienGreen', 'base')",7
DDQN,NA,NA,aliens,2,36,"('alienBlue', 'avatar')",1
DDQN,NA,NA,aliens,2,36,"('alienBlue', 'portalSlow')",3120
DDQN,NA,NA,aliens,2,36,"('base', 'sam')",420
DDQN,NA,NA,aliens,2,36,"('alienGreen', 'portalFast')",521
DDQN,NA,NA,aliens,2,36,"('ENDOFSCREEN', 'alienBlue')",336
DDQN,NA,NA,aliens,2,36,"('ENDOFSCREEN', 'bomb')",264
DDQN,NA,NA,aliens,2,36,"('ENDOFSCREEN', 'avatar')",75
DDQN,NA,NA,aliens,2,36,"('base', 'bomb')",391
DDQN,NA,NA,aliens,2,36,"('avatar', 'bomb')",34
DDQN,NA,NA,aliens,2,36,"('alienBlue', 'sam')",182
DDQN,NA,NA,aliens,2,36,"('ENDOFSCREEN', 'sam')",481
DDQN,NA,NA,aliens,2,36,"('portalSlow', 'sam')",1
DDQN,NA,NA,aliens,2,36,"('ENDOFSCREEN', 'alienGreen')",78
DDQN,NA,NA,aliens,2,36,"('alienBlue', 'bomb')",747
DDQN,NA,NA,aliens,2,36,"('avatar', 'sam')",925
DDQN,NA,NA,aliens,2,36,"('alienGreen', 'sam')",51
DDQN,NA,NA,aliens,2,36,"('alienGreen', 'bomb')",141
DDQN,NA,NA,aliens,2,36,"('alienBlue', 'base')",65
DDQN,NA,NA,aliens,2,36,"('bomb', 'sam')",53
DDQN,NA,NA,aliens,2,37,"('alienGreen', 'base')",7
DDQN,NA,NA,aliens,2,37,"('alienBlue', 'avatar')",1
DDQN,NA,NA,aliens,2,37,"('alienBlue', 'portalSlow')",3198
DDQN,NA,NA,aliens,2,37,"('base', 'sam')",426
DDQN,NA,NA,aliens,2,37,"('alienGreen', 'portalFast')",521
DDQN,NA,NA,aliens,2,37,"('ENDOFSCREEN', 'alienBlue')",341
DDQN,NA,NA,aliens,2,37,"('ENDOFSCREEN', 'bomb')",268
DDQN,NA,NA,aliens,2,37,"('ENDOFSCREEN', 'avatar')",75
DDQN,NA,NA,aliens,2,37,"('base', 'bomb')",400
DDQN,NA,NA,aliens,2,37,"('avatar', 'bomb')",35
DDQN,NA,NA,aliens,2,37,"('alienBlue', 'sam')",185
DDQN,NA,NA,aliens,2,37,"('ENDOFSCREEN', 'sam')",486
DDQN,NA,NA,aliens,2,37,"('portalSlow', 'sam')",1
DDQN,NA,NA,aliens,2,37,"('ENDOFSCREEN', 'alienGreen')",78
DDQN,NA,NA,aliens,2,37,"('alienBlue', 'bomb')",768
DDQN,NA,NA,aliens,2,37,"('avatar', 'sam')",937
DDQN,NA,NA,aliens,2,37,"('alienGreen', 'sam')",51
DDQN,NA,NA,aliens,2,37,"('alienGreen', 'bomb')",141
DDQN,NA,NA,aliens,2,37,"('alienBlue', 'base')",65
DDQN,NA,NA,aliens,2,37,"('bomb', 'sam')",54
DDQN,NA,NA,aliens,2,38,"('alienGreen', 'base')",7
DDQN,NA,NA,aliens,2,38,"('alienBlue', 'avatar')",1
DDQN,NA,NA,aliens,2,38,"('alienBlue', 'portalSlow')",3335
DDQN,NA,NA,aliens,2,38,"('base', 'sam')",436
DDQN,NA,NA,aliens,2,38,"('alienGreen', 'portalFast')",521
DDQN,NA,NA,aliens,2,38,"('ENDOFSCREEN', 'alienBlue')",372
DDQN,NA,NA,aliens,2,38,"('ENDOFSCREEN', 'bomb')",287
DDQN,NA,NA,aliens,2,38,"('ENDOFSCREEN', 'avatar')",103
DDQN,NA,NA,aliens,2,38,"('base', 'bomb')",418
DDQN,NA,NA,aliens,2,38,"('avatar', 'bomb')",36
DDQN,NA,NA,aliens,2,38,"('alienBlue', 'sam')",200
DDQN,NA,NA,aliens,2,38,"('ENDOFSCREEN', 'sam')",509
DDQN,NA,NA,aliens,2,38,"('portalSlow', 'sam')",5
DDQN,NA,NA,aliens,2,38,"('ENDOFSCREEN', 'alienGreen')",78
DDQN,NA,NA,aliens,2,38,"('alienBlue', 'bomb')",813
DDQN,NA,NA,aliens,2,38,"('avatar', 'sam')",971
DDQN,NA,NA,aliens,2,38,"('alienGreen', 'sam')",51
DDQN,NA,NA,aliens,2,38,"('alienGreen', 'bomb')",141
DDQN,NA,NA,aliens,2,38,"('alienBlue', 'base')",65
DDQN,NA,NA,aliens,2,38,"('bomb', 'sam')",58
DDQN,NA,NA,aliens,2,39,"('alienGreen', 'base')",7
DDQN,NA,NA,aliens,2,39,"('alienBlue', 'avatar')",1
DDQN,NA,NA,aliens,2,39,"('alienBlue', 'portalSlow')",3424
DDQN,NA,NA,aliens,2,39,"('base', 'sam')",442
DDQN,NA,NA,aliens,2,39,"('alienGreen', 'portalFast')",521
DDQN,NA,NA,aliens,2,39,"('ENDOFSCREEN', 'alienBlue')",378
DDQN,NA,NA,aliens,2,39,"('ENDOFSCREEN', 'bomb')",291
DDQN,NA,NA,aliens,2,39,"('ENDOFSCREEN', 'avatar')",103
DDQN,NA,NA,aliens,2,39,"('base', 'bomb')",428
DDQN,NA,NA,aliens,2,39,"('avatar', 'bomb')",37
DDQN,NA,NA,aliens,2,39,"('alienBlue', 'sam')",202
DDQN,NA,NA,aliens,2,39,"('ENDOFSCREEN', 'sam')",518
DDQN,NA,NA,aliens,2,39,"('portalSlow', 'sam')",5
DDQN,NA,NA,aliens,2,39,"('ENDOFSCREEN', 'alienGreen')",78
DDQN,NA,NA,aliens,2,39,"('alienBlue', 'bomb')",828
DDQN,NA,NA,aliens,2,39,"('avatar', 'sam')",986
DDQN,NA,NA,aliens,2,39,"('alienGreen', 'sam')",51
DDQN,NA,NA,aliens,2,39,"('alienGreen', 'bomb')",141
DDQN,NA,NA,aliens,2,39,"('alienBlue', 'base')",65
DDQN,NA,NA,aliens,2,39,"('bomb', 'sam')",61
DDQN,NA,NA,aliens,2,40,"('alienGreen', 'base')",7
DDQN,NA,NA,aliens,2,40,"('alienBlue', 'avatar')",1
DDQN,NA,NA,aliens,2,40,"('alienBlue', 'portalSlow')",3567
DDQN,NA,NA,aliens,2,40,"('base', 'sam')",449
DDQN,NA,NA,aliens,2,40,"('alienGreen', 'portalFast')",521
DDQN,NA,NA,aliens,2,40,"('ENDOFSCREEN', 'alienBlue')",395
DDQN,NA,NA,aliens,2,40,"('ENDOFSCREEN', 'bomb')",298
DDQN,NA,NA,aliens,2,40,"('ENDOFSCREEN', 'avatar')",103
DDQN,NA,NA,aliens,2,40,"('base', 'bomb')",447
DDQN,NA,NA,aliens,2,40,"('avatar', 'bomb')",38
DDQN,NA,NA,aliens,2,40,"('alienBlue', 'sam')",211
DDQN,NA,NA,aliens,2,40,"('ENDOFSCREEN', 'sam')",533
DDQN,NA,NA,aliens,2,40,"('portalSlow', 'sam')",5
DDQN,NA,NA,aliens,2,40,"('ENDOFSCREEN', 'alienGreen')",78
DDQN,NA,NA,aliens,2,40,"('alienBlue', 'bomb')",870
DDQN,NA,NA,aliens,2,40,"('avatar', 'sam')",1009
DDQN,NA,NA,aliens,2,40,"('alienGreen', 'sam')",51
DDQN,NA,NA,aliens,2,40,"('alienGreen', 'bomb')",141
DDQN,NA,NA,aliens,2,40,"('alienBlue', 'base')",70
DDQN,NA,NA,aliens,2,40,"('bomb', 'sam')",66
DDQN,NA,NA,aliens,2,41,"('alienGreen', 'base')",7
DDQN,NA,NA,aliens,2,41,"('alienBlue', 'avatar')",1
DDQN,NA,NA,aliens,2,41,"('alienBlue', 'portalSlow')",3662
DDQN,NA,NA,aliens,2,41,"('base', 'sam')",460
DDQN,NA,NA,aliens,2,41,"('alienGreen', 'portalFast')",521
DDQN,NA,NA,aliens,2,41,"('ENDOFSCREEN', 'alienBlue')",404
DDQN,NA,NA,aliens,2,41,"('ENDOFSCREEN', 'bomb')",302
DDQN,NA,NA,aliens,2,41,"('ENDOFSCREEN', 'avatar')",103
DDQN,NA,NA,aliens,2,41,"('base', 'bomb')",460
DDQN,NA,NA,aliens,2,41,"('avatar', 'bomb')",39
DDQN,NA,NA,aliens,2,41,"('alienBlue', 'sam')",214
DDQN,NA,NA,aliens,2,41,"('ENDOFSCREEN', 'sam')",541
DDQN,NA,NA,aliens,2,41,"('portalSlow', 'sam')",5
DDQN,NA,NA,aliens,2,41,"('ENDOFSCREEN', 'alienGreen')",78
DDQN,NA,NA,aliens,2,41,"('alienBlue', 'bomb')",894
DDQN,NA,NA,aliens,2,41,"('avatar', 'sam')",1029
DDQN,NA,NA,aliens,2,41,"('alienGreen', 'sam')",51
DDQN,NA,NA,aliens,2,41,"('alienGreen', 'bomb')",141
DDQN,NA,NA,aliens,2,41,"('alienBlue', 'base')",76
DDQN,NA,NA,aliens,2,41,"('bomb', 'sam')",67
DDQN,NA,NA,aliens,2,42,"('alienGreen', 'base')",7
DDQN,NA,NA,aliens,2,42,"('alienBlue', 'avatar')",1
DDQN,NA,NA,aliens,2,42,"('alienBlue', 'portalSlow')",3764
DDQN,NA,NA,aliens,2,42,"('base', 'sam')",469
DDQN,NA,NA,aliens,2,42,"('alienGreen', 'portalFast')",521
DDQN,NA,NA,aliens,2,42,"('ENDOFSCREEN', 'alienBlue')",413
DDQN,NA,NA,aliens,2,42,"('ENDOFSCREEN', 'bomb')",307
DDQN,NA,NA,aliens,2,42,"('ENDOFSCREEN', 'avatar')",103
DDQN,NA,NA,aliens,2,42,"('base', 'bomb')",469
DDQN,NA,NA,aliens,2,42,"('avatar', 'bomb')",40
DDQN,NA,NA,aliens,2,42,"('alienBlue', 'sam')",216
DDQN,NA,NA,aliens,2,42,"('ENDOFSCREEN', 'sam')",547
DDQN,NA,NA,aliens,2,42,"('portalSlow', 'sam')",5
DDQN,NA,NA,aliens,2,42,"('ENDOFSCREEN', 'alienGreen')",78
DDQN,NA,NA,aliens,2,42,"('alienBlue', 'bomb')",916
DDQN,NA,NA,aliens,2,42,"('avatar', 'sam')",1045
DDQN,NA,NA,aliens,2,42,"('alienGreen', 'sam')",51
DDQN,NA,NA,aliens,2,42,"('alienGreen', 'bomb')",141
DDQN,NA,NA,aliens,2,42,"('alienBlue', 'base')",80
DDQN,NA,NA,aliens,2,42,"('bomb', 'sam')",67
DDQN,NA,NA,aliens,2,43,"('alienGreen', 'base')",7
DDQN,NA,NA,aliens,2,43,"('alienBlue', 'avatar')",1
DDQN,NA,NA,aliens,2,43,"('alienBlue', 'portalSlow')",3841
DDQN,NA,NA,aliens,2,43,"('base', 'sam')",479
DDQN,NA,NA,aliens,2,43,"('alienGreen', 'portalFast')",521
DDQN,NA,NA,aliens,2,43,"('ENDOFSCREEN', 'alienBlue')",418
DDQN,NA,NA,aliens,2,43,"('ENDOFSCREEN', 'bomb')",309
DDQN,NA,NA,aliens,2,43,"('ENDOFSCREEN', 'avatar')",103
DDQN,NA,NA,aliens,2,43,"('base', 'bomb')",479
DDQN,NA,NA,aliens,2,43,"('avatar', 'bomb')",41
DDQN,NA,NA,aliens,2,43,"('alienBlue', 'sam')",219
DDQN,NA,NA,aliens,2,43,"('ENDOFSCREEN', 'sam')",553
DDQN,NA,NA,aliens,2,43,"('portalSlow', 'sam')",5
DDQN,NA,NA,aliens,2,43,"('ENDOFSCREEN', 'alienGreen')",78
DDQN,NA,NA,aliens,2,43,"('alienBlue', 'bomb')",934
DDQN,NA,NA,aliens,2,43,"('avatar', 'sam')",1062
DDQN,NA,NA,aliens,2,43,"('alienGreen', 'sam')",51
DDQN,NA,NA,aliens,2,43,"('alienGreen', 'bomb')",141
DDQN,NA,NA,aliens,2,43,"('alienBlue', 'base')",80
DDQN,NA,NA,aliens,2,43,"('bomb', 'sam')",69
DDQN,NA,NA,aliens,2,44,"('alienGreen', 'base')",7
DDQN,NA,NA,aliens,2,44,"('alienBlue', 'avatar')",1
DDQN,NA,NA,aliens,2,44,"('alienBlue', 'portalSlow')",3955
DDQN,NA,NA,aliens,2,44,"('base', 'sam')",492
DDQN,NA,NA,aliens,2,44,"('alienGreen', 'portalFast')",521
DDQN,NA,NA,aliens,2,44,"('ENDOFSCREEN', 'alienBlue')",429
DDQN,NA,NA,aliens,2,44,"('ENDOFSCREEN', 'bomb')",313
DDQN,NA,NA,aliens,2,44,"('ENDOFSCREEN', 'avatar')",103
DDQN,NA,NA,aliens,2,44,"('base', 'bomb')",491
DDQN,NA,NA,aliens,2,44,"('avatar', 'bomb')",42
DDQN,NA,NA,aliens,2,44,"('alienBlue', 'sam')",226
DDQN,NA,NA,aliens,2,44,"('ENDOFSCREEN', 'sam')",562
DDQN,NA,NA,aliens,2,44,"('portalSlow', 'sam')",5
DDQN,NA,NA,aliens,2,44,"('ENDOFSCREEN', 'alienGreen')",78
DDQN,NA,NA,aliens,2,44,"('alienBlue', 'bomb')",955
DDQN,NA,NA,aliens,2,44,"('avatar', 'sam')",1084
DDQN,NA,NA,aliens,2,44,"('alienGreen', 'sam')",51
DDQN,NA,NA,aliens,2,44,"('alienGreen', 'bomb')",141
DDQN,NA,NA,aliens,2,44,"('alienBlue', 'base')",80
DDQN,NA,NA,aliens,2,44,"('bomb', 'sam')",71
DDQN,NA,NA,aliens,2,45,"('alienGreen', 'base')",7
DDQN,NA,NA,aliens,2,45,"('alienBlue', 'avatar')",1
DDQN,NA,NA,aliens,2,45,"('alienBlue', 'portalSlow')",4105
DDQN,NA,NA,aliens,2,45,"('base', 'sam')",506
DDQN,NA,NA,aliens,2,45,"('alienGreen', 'portalFast')",521
DDQN,NA,NA,aliens,2,45,"('ENDOFSCREEN', 'alienBlue')",454
DDQN,NA,NA,aliens,2,45,"('ENDOFSCREEN', 'bomb')",338
DDQN,NA,NA,aliens,2,45,"('ENDOFSCREEN', 'avatar')",106
DDQN,NA,NA,aliens,2,45,"('base', 'bomb')",513
DDQN,NA,NA,aliens,2,45,"('avatar', 'bomb')",43
DDQN,NA,NA,aliens,2,45,"('alienBlue', 'sam')",237
DDQN,NA,NA,aliens,2,45,"('ENDOFSCREEN', 'sam')",578
DDQN,NA,NA,aliens,2,45,"('portalSlow', 'sam')",5
DDQN,NA,NA,aliens,2,45,"('ENDOFSCREEN', 'alienGreen')",78
DDQN,NA,NA,aliens,2,45,"('alienBlue', 'bomb')",1017
DDQN,NA,NA,aliens,2,45,"('avatar', 'sam')",1115
DDQN,NA,NA,aliens,2,45,"('alienGreen', 'sam')",51
DDQN,NA,NA,aliens,2,45,"('alienGreen', 'bomb')",141
DDQN,NA,NA,aliens,2,45,"('alienBlue', 'base')",86
DDQN,NA,NA,aliens,2,45,"('bomb', 'sam')",73
DDQN,NA,NA,aliens,2,46,"('alienGreen', 'base')",7
DDQN,NA,NA,aliens,2,46,"('alienBlue', 'avatar')",1
DDQN,NA,NA,aliens,2,46,"('alienBlue', 'portalSlow')",4255
DDQN,NA,NA,aliens,2,46,"('base', 'sam')",523
DDQN,NA,NA,aliens,2,46,"('alienGreen', 'portalFast')",521
DDQN,NA,NA,aliens,2,46,"('ENDOFSCREEN', 'alienBlue')",475
DDQN,NA,NA,aliens,2,46,"('ENDOFSCREEN', 'bomb')",350
DDQN,NA,NA,aliens,2,46,"('ENDOFSCREEN', 'avatar')",106
DDQN,NA,NA,aliens,2,46,"('base', 'bomb')",523
DDQN,NA,NA,aliens,2,46,"('avatar', 'bomb')",44
DDQN,NA,NA,aliens,2,46,"('alienBlue', 'sam')",246
DDQN,NA,NA,aliens,2,46,"('ENDOFSCREEN', 'sam')",590
DDQN,NA,NA,aliens,2,46,"('portalSlow', 'sam')",5
DDQN,NA,NA,aliens,2,46,"('ENDOFSCREEN', 'alienGreen')",78
DDQN,NA,NA,aliens,2,46,"('alienBlue', 'bomb')",1057
DDQN,NA,NA,aliens,2,46,"('avatar', 'sam')",1145
DDQN,NA,NA,aliens,2,46,"('alienGreen', 'sam')",51
DDQN,NA,NA,aliens,2,46,"('alienGreen', 'bomb')",141
DDQN,NA,NA,aliens,2,46,"('alienBlue', 'base')",92
DDQN,NA,NA,aliens,2,46,"('bomb', 'sam')",76
DDQN,NA,NA,aliens,2,47,"('alienGreen', 'base')",7
DDQN,NA,NA,aliens,2,47,"('alienBlue', 'avatar')",1
DDQN,NA,NA,aliens,2,47,"('alienBlue', 'portalSlow')",4391
DDQN,NA,NA,aliens,2,47,"('base', 'sam')",533
DDQN,NA,NA,aliens,2,47,"('alienGreen', 'portalFast')",521
DDQN,NA,NA,aliens,2,47,"('ENDOFSCREEN', 'alienBlue')",488
DDQN,NA,NA,aliens,2,47,"('ENDOFSCREEN', 'bomb')",354
DDQN,NA,NA,aliens,2,47,"('ENDOFSCREEN', 'avatar')",106
DDQN,NA,NA,aliens,2,47,"('base', 'bomb')",535
DDQN,NA,NA,aliens,2,47,"('avatar', 'bomb')",45
DDQN,NA,NA,aliens,2,47,"('alienBlue', 'sam')",256
DDQN,NA,NA,aliens,2,47,"('ENDOFSCREEN', 'sam')",605
DDQN,NA,NA,aliens,2,47,"('portalSlow', 'sam')",5
DDQN,NA,NA,aliens,2,47,"('ENDOFSCREEN', 'alienGreen')",78
DDQN,NA,NA,aliens,2,47,"('alienBlue', 'bomb')",1076
DDQN,NA,NA,aliens,2,47,"('avatar', 'sam')",1170
DDQN,NA,NA,aliens,2,47,"('alienGreen', 'sam')",51
DDQN,NA,NA,aliens,2,47,"('alienGreen', 'bomb')",141
DDQN,NA,NA,aliens,2,47,"('alienBlue', 'base')",96
DDQN,NA,NA,aliens,2,47,"('bomb', 'sam')",76
DDQN,NA,NA,aliens,2,48,"('alienGreen', 'base')",7
DDQN,NA,NA,aliens,2,48,"('alienBlue', 'avatar')",1
DDQN,NA,NA,aliens,2,48,"('alienBlue', 'portalSlow')",4527
DDQN,NA,NA,aliens,2,48,"('base', 'sam')",550
DDQN,NA,NA,aliens,2,48,"('alienGreen', 'portalFast')",521
DDQN,NA,NA,aliens,2,48,"('ENDOFSCREEN', 'alienBlue')",522
DDQN,NA,NA,aliens,2,48,"('ENDOFSCREEN', 'bomb')",387
DDQN,NA,NA,aliens,2,48,"('ENDOFSCREEN', 'avatar')",107
DDQN,NA,NA,aliens,2,48,"('base', 'bomb')",552
DDQN,NA,NA,aliens,2,48,"('avatar', 'bomb')",45
DDQN,NA,NA,aliens,2,48,"('alienBlue', 'sam')",276
DDQN,NA,NA,aliens,2,48,"('ENDOFSCREEN', 'sam')",643
DDQN,NA,NA,aliens,2,48,"('portalSlow', 'sam')",5
DDQN,NA,NA,aliens,2,48,"('ENDOFSCREEN', 'alienGreen')",78
DDQN,NA,NA,aliens,2,48,"('alienBlue', 'bomb')",1144
DDQN,NA,NA,aliens,2,48,"('avatar', 'sam')",1226
DDQN,NA,NA,aliens,2,48,"('alienGreen', 'sam')",51
DDQN,NA,NA,aliens,2,48,"('alienGreen', 'bomb')",141
DDQN,NA,NA,aliens,2,48,"('alienBlue', 'base')",101
DDQN,NA,NA,aliens,2,48,"('bomb', 'sam')",78
DDQN,NA,NA,aliens,3,49,"('alienGreen', 'base')",7
DDQN,NA,NA,aliens,3,49,"('alienBlue', 'avatar')",1
DDQN,NA,NA,aliens,3,49,"('alienBlue', 'portalSlow')",4527
DDQN,NA,NA,aliens,3,49,"('base', 'sam')",550
DDQN,NA,NA,aliens,3,49,"('alienGreen', 'portalFast')",593
DDQN,NA,NA,aliens,3,49,"('ENDOFSCREEN', 'alienBlue')",522
DDQN,NA,NA,aliens,3,49,"('ENDOFSCREEN', 'bomb')",393
DDQN,NA,NA,aliens,3,49,"('ENDOFSCREEN', 'avatar')",108
DDQN,NA,NA,aliens,3,49,"('base', 'bomb')",552
DDQN,NA,NA,aliens,3,49,"('avatar', 'bomb')",46
DDQN,NA,NA,aliens,3,49,"('alienBlue', 'sam')",276
DDQN,NA,NA,aliens,3,49,"('ENDOFSCREEN', 'sam')",650
DDQN,NA,NA,aliens,3,49,"('portalSlow', 'sam')",5
DDQN,NA,NA,aliens,3,49,"('ENDOFSCREEN', 'alienGreen')",81
DDQN,NA,NA,aliens,3,49,"('alienBlue', 'bomb')",1144
DDQN,NA,NA,aliens,3,49,"('avatar', 'sam')",1234
DDQN,NA,NA,aliens,3,49,"('alienGreen', 'sam')",53
DDQN,NA,NA,aliens,3,49,"('alienGreen', 'bomb')",153
DDQN,NA,NA,aliens,3,49,"('alienBlue', 'base')",101
DDQN,NA,NA,aliens,3,49,"('bomb', 'sam')",78
DDQN,NA,NA,aliens,3,50,"('alienGreen', 'base')",10
DDQN,NA,NA,aliens,3,50,"('alienBlue', 'avatar')",1
DDQN,NA,NA,aliens,3,50,"('alienBlue', 'portalSlow')",4527
DDQN,NA,NA,aliens,3,50,"('base', 'sam')",550
DDQN,NA,NA,aliens,3,50,"('alienGreen', 'portalFast')",710
DDQN,NA,NA,aliens,3,50,"('ENDOFSCREEN', 'alienBlue')",522
DDQN,NA,NA,aliens,3,50,"('ENDOFSCREEN', 'bomb')",440
DDQN,NA,NA,aliens,3,50,"('ENDOFSCREEN', 'avatar')",117
DDQN,NA,NA,aliens,3,50,"('base', 'bomb')",554
DDQN,NA,NA,aliens,3,50,"('avatar', 'bomb')",47
DDQN,NA,NA,aliens,3,50,"('alienBlue', 'sam')",276
DDQN,NA,NA,aliens,3,50,"('ENDOFSCREEN', 'sam')",697
DDQN,NA,NA,aliens,3,50,"('portalSlow', 'sam')",5
DDQN,NA,NA,aliens,3,50,"('ENDOFSCREEN', 'alienGreen')",111
DDQN,NA,NA,aliens,3,50,"('alienBlue', 'bomb')",1144
DDQN,NA,NA,aliens,3,50,"('avatar', 'sam')",1282
DDQN,NA,NA,aliens,3,50,"('alienGreen', 'sam')",72
DDQN,NA,NA,aliens,3,50,"('alienGreen', 'bomb')",215
DDQN,NA,NA,aliens,3,50,"('alienBlue', 'base')",101
DDQN,NA,NA,aliens,3,50,"('bomb', 'sam')",80
DDQN,NA,NA,aliens,3,51,"('alienGreen', 'base')",12
DDQN,NA,NA,aliens,3,51,"('alienBlue', 'avatar')",1
DDQN,NA,NA,aliens,3,51,"('alienBlue', 'portalSlow')",4527
DDQN,NA,NA,aliens,3,51,"('base', 'sam')",550
DDQN,NA,NA,aliens,3,51,"('alienGreen', 'portalFast')",825
DDQN,NA,NA,aliens,3,51,"('ENDOFSCREEN', 'alienBlue')",522
DDQN,NA,NA,aliens,3,51,"('ENDOFSCREEN', 'bomb')",454
DDQN,NA,NA,aliens,3,51,"('ENDOFSCREEN', 'avatar')",128
DDQN,NA,NA,aliens,3,51,"('base', 'bomb')",554
DDQN,NA,NA,aliens,3,51,"('avatar', 'bomb')",48
DDQN,NA,NA,aliens,3,51,"('alienBlue', 'sam')",276
DDQN,NA,NA,aliens,3,51,"('ENDOFSCREEN', 'sam')",711
DDQN,NA,NA,aliens,3,51,"('portalSlow', 'sam')",5
DDQN,NA,NA,aliens,3,51,"('ENDOFSCREEN', 'alienGreen')",117
DDQN,NA,NA,aliens,3,51,"('alienBlue', 'bomb')",1144
DDQN,NA,NA,aliens,3,51,"('avatar', 'sam')",1296
DDQN,NA,NA,aliens,3,51,"('alienGreen', 'sam')",78
DDQN,NA,NA,aliens,3,51,"('alienGreen', 'bomb')",239
DDQN,NA,NA,aliens,3,51,"('alienBlue', 'base')",101
DDQN,NA,NA,aliens,3,51,"('bomb', 'sam')",80
DDQN,NA,NA,aliens,3,52,"('alienGreen', 'base')",14
DDQN,NA,NA,aliens,3,52,"('alienBlue', 'avatar')",1
DDQN,NA,NA,aliens,3,52,"('alienBlue', 'portalSlow')",4527
DDQN,NA,NA,aliens,3,52,"('base', 'sam')",550
DDQN,NA,NA,aliens,3,52,"('alienGreen', 'portalFast')",942
DDQN,NA,NA,aliens,3,52,"('ENDOFSCREEN', 'alienBlue')",522
DDQN,NA,NA,aliens,3,52,"('ENDOFSCREEN', 'bomb')",487
DDQN,NA,NA,aliens,3,52,"('ENDOFSCREEN', 'avatar')",152
DDQN,NA,NA,aliens,3,52,"('base', 'bomb')",557
DDQN,NA,NA,aliens,3,52,"('avatar', 'bomb')",48
DDQN,NA,NA,aliens,3,52,"('alienBlue', 'sam')",276
DDQN,NA,NA,aliens,3,52,"('ENDOFSCREEN', 'sam')",755
DDQN,NA,NA,aliens,3,52,"('portalSlow', 'sam')",5
DDQN,NA,NA,aliens,3,52,"('ENDOFSCREEN', 'alienGreen')",143
DDQN,NA,NA,aliens,3,52,"('alienBlue', 'bomb')",1144
DDQN,NA,NA,aliens,3,52,"('avatar', 'sam')",1341
DDQN,NA,NA,aliens,3,52,"('alienGreen', 'sam')",98
DDQN,NA,NA,aliens,3,52,"('alienGreen', 'bomb')",285
DDQN,NA,NA,aliens,3,52,"('alienBlue', 'base')",101
DDQN,NA,NA,aliens,3,52,"('bomb', 'sam')",83
DDQN,NA,NA,aliens,4,53,"('alienGreen', 'base')",14
DDQN,NA,NA,aliens,4,53,"('alienBlue', 'avatar')",1
DDQN,NA,NA,aliens,4,53,"('alienBlue', 'portalSlow')",4527
DDQN,NA,NA,aliens,4,53,"('base', 'sam')",560
DDQN,NA,NA,aliens,4,53,"('alienGreen', 'portalFast')",1007
DDQN,NA,NA,aliens,4,53,"('ENDOFSCREEN', 'alienBlue')",522
DDQN,NA,NA,aliens,4,53,"('ENDOFSCREEN', 'bomb')",487
DDQN,NA,NA,aliens,4,53,"('ENDOFSCREEN', 'avatar')",155
DDQN,NA,NA,aliens,4,53,"('base', 'bomb')",559
DDQN,NA,NA,aliens,4,53,"('avatar', 'bomb')",49
DDQN,NA,NA,aliens,4,53,"('alienBlue', 'sam')",276
DDQN,NA,NA,aliens,4,53,"('ENDOFSCREEN', 'sam')",758
DDQN,NA,NA,aliens,4,53,"('portalSlow', 'sam')",5
DDQN,NA,NA,aliens,4,53,"('ENDOFSCREEN', 'alienGreen')",145
DDQN,NA,NA,aliens,4,53,"('alienBlue', 'bomb')",1144
DDQN,NA,NA,aliens,4,53,"('avatar', 'sam')",1354
DDQN,NA,NA,aliens,4,53,"('alienGreen', 'sam')",98
DDQN,NA,NA,aliens,4,53,"('alienGreen', 'bomb')",288
DDQN,NA,NA,aliens,4,53,"('alienBlue', 'base')",101
DDQN,NA,NA,aliens,4,53,"('bomb', 'sam')",85
DDQN,NA,NA,aliens,4,54,"('alienGreen', 'base')",14
DDQN,NA,NA,aliens,4,54,"('alienBlue', 'avatar')",1
DDQN,NA,NA,aliens,4,54,"('alienBlue', 'portalSlow')",4527
DDQN,NA,NA,aliens,4,54,"('base', 'sam')",569
DDQN,NA,NA,aliens,4,54,"('alienGreen', 'portalFast')",1111
DDQN,NA,NA,aliens,4,54,"('ENDOFSCREEN', 'alienBlue')",522
DDQN,NA,NA,aliens,4,54,"('ENDOFSCREEN', 'bomb')",492
DDQN,NA,NA,aliens,4,54,"('ENDOFSCREEN', 'avatar')",160
DDQN,NA,NA,aliens,4,54,"('base', 'bomb')",568
DDQN,NA,NA,aliens,4,54,"('avatar', 'bomb')",50
DDQN,NA,NA,aliens,4,54,"('alienBlue', 'sam')",276
DDQN,NA,NA,aliens,4,54,"('ENDOFSCREEN', 'sam')",765
DDQN,NA,NA,aliens,4,54,"('portalSlow', 'sam')",5
DDQN,NA,NA,aliens,4,54,"('ENDOFSCREEN', 'alienGreen')",152
DDQN,NA,NA,aliens,4,54,"('alienBlue', 'bomb')",1144
DDQN,NA,NA,aliens,4,54,"('avatar', 'sam')",1371
DDQN,NA,NA,aliens,4,54,"('alienGreen', 'sam')",102
DDQN,NA,NA,aliens,4,54,"('alienGreen', 'bomb')",311
DDQN,NA,NA,aliens,4,54,"('alienBlue', 'base')",101
DDQN,NA,NA,aliens,4,54,"('bomb', 'sam')",85
DDQN,NA,NA,aliens,4,55,"('alienGreen', 'base')",15
DDQN,NA,NA,aliens,4,55,"('alienBlue', 'avatar')",1
DDQN,NA,NA,aliens,4,55,"('alienBlue', 'portalSlow')",4527
DDQN,NA,NA,aliens,4,55,"('base', 'sam')",577
DDQN,NA,NA,aliens,4,55,"('alienGreen', 'portalFast')",1228
DDQN,NA,NA,aliens,4,55,"('ENDOFSCREEN', 'alienBlue')",522
DDQN,NA,NA,aliens,4,55,"('ENDOFSCREEN', 'bomb')",516
DDQN,NA,NA,aliens,4,55,"('ENDOFSCREEN', 'avatar')",163
DDQN,NA,NA,aliens,4,55,"('base', 'bomb')",585
DDQN,NA,NA,aliens,4,55,"('avatar', 'bomb')",51
DDQN,NA,NA,aliens,4,55,"('alienBlue', 'sam')",276
DDQN,NA,NA,aliens,4,55,"('ENDOFSCREEN', 'sam')",781
DDQN,NA,NA,aliens,4,55,"('portalSlow', 'sam')",5
DDQN,NA,NA,aliens,4,55,"('ENDOFSCREEN', 'alienGreen')",173
DDQN,NA,NA,aliens,4,55,"('alienBlue', 'bomb')",1144
DDQN,NA,NA,aliens,4,55,"('avatar', 'sam')",1396
DDQN,NA,NA,aliens,4,55,"('alienGreen', 'sam')",110
DDQN,NA,NA,aliens,4,55,"('portalFast', 'sam')",1
DDQN,NA,NA,aliens,4,55,"('alienGreen', 'bomb')",366
DDQN,NA,NA,aliens,4,55,"('alienBlue', 'base')",101
DDQN,NA,NA,aliens,4,55,"('bomb', 'sam')",90
DDQN,NA,NA,aliens,4,56,"('alienGreen', 'base')",16
DDQN,NA,NA,aliens,4,56,"('alienBlue', 'avatar')",1
DDQN,NA,NA,aliens,4,56,"('alienBlue', 'portalSlow')",4527
DDQN,NA,NA,aliens,4,56,"('base', 'sam')",583
DDQN,NA,NA,aliens,4,56,"('alienGreen', 'portalFast')",1347
DDQN,NA,NA,aliens,4,56,"('ENDOFSCREEN', 'alienBlue')",522
DDQN,NA,NA,aliens,4,56,"('ENDOFSCREEN', 'bomb')",518
DDQN,NA,NA,aliens,4,56,"('ENDOFSCREEN', 'avatar')",168
DDQN,NA,NA,aliens,4,56,"('base', 'bomb')",600
DDQN,NA,NA,aliens,4,56,"('avatar', 'bomb')",52
DDQN,NA,NA,aliens,4,56,"('alienBlue', 'sam')",276
DDQN,NA,NA,aliens,4,56,"('ENDOFSCREEN', 'sam')",790
DDQN,NA,NA,aliens,4,56,"('portalSlow', 'sam')",5
DDQN,NA,NA,aliens,4,56,"('ENDOFSCREEN', 'alienGreen')",184
DDQN,NA,NA,aliens,4,56,"('alienBlue', 'bomb')",1144
DDQN,NA,NA,aliens,4,56,"('avatar', 'sam')",1411
DDQN,NA,NA,aliens,4,56,"('alienGreen', 'sam')",116
DDQN,NA,NA,aliens,4,56,"('portalFast', 'sam')",1
DDQN,NA,NA,aliens,4,56,"('alienGreen', 'bomb')",395
DDQN,NA,NA,aliens,4,56,"('alienBlue', 'base')",101
DDQN,NA,NA,aliens,4,56,"('bomb', 'sam')",90
DDQN,NA,NA,aliens,4,57,"('alienGreen', 'base')",18
DDQN,NA,NA,aliens,4,57,"('alienBlue', 'avatar')",1
DDQN,NA,NA,aliens,4,57,"('alienBlue', 'portalSlow')",4527
DDQN,NA,NA,aliens,4,57,"('base', 'sam')",594
DDQN,NA,NA,aliens,4,57,"('alienGreen', 'portalFast')",1466
DDQN,NA,NA,aliens,4,57,"('ENDOFSCREEN', 'alienBlue')",522
DDQN,NA,NA,aliens,4,57,"('ENDOFSCREEN', 'bomb')",532
DDQN,NA,NA,aliens,4,57,"('ENDOFSCREEN', 'avatar')",191
DDQN,NA,NA,aliens,4,57,"('base', 'bomb')",612
DDQN,NA,NA,aliens,4,57,"('avatar', 'bomb')",53
DDQN,NA,NA,aliens,4,57,"('alienBlue', 'sam')",276
DDQN,NA,NA,aliens,4,57,"('ENDOFSCREEN', 'sam')",801
DDQN,NA,NA,aliens,4,57,"('portalSlow', 'sam')",5
DDQN,NA,NA,aliens,4,57,"('ENDOFSCREEN', 'alienGreen')",205
DDQN,NA,NA,aliens,4,57,"('alienBlue', 'bomb')",1144
DDQN,NA,NA,aliens,4,57,"('avatar', 'sam')",1434
DDQN,NA,NA,aliens,4,57,"('alienGreen', 'sam')",124
DDQN,NA,NA,aliens,4,57,"('portalFast', 'sam')",2
DDQN,NA,NA,aliens,4,57,"('alienGreen', 'bomb')",432
DDQN,NA,NA,aliens,4,57,"('alienBlue', 'base')",101
DDQN,NA,NA,aliens,4,57,"('bomb', 'sam')",92
DDQN,NA,NA,aliens,4,58,"('alienGreen', 'base')",19
DDQN,NA,NA,aliens,4,58,"('alienBlue', 'avatar')",1
DDQN,NA,NA,aliens,4,58,"('alienBlue', 'portalSlow')",4527
DDQN,NA,NA,aliens,4,58,"('base', 'sam')",604
DDQN,NA,NA,aliens,4,58,"('alienGreen', 'portalFast')",1578
DDQN,NA,NA,aliens,4,58,"('ENDOFSCREEN', 'alienBlue')",522
DDQN,NA,NA,aliens,4,58,"('ENDOFSCREEN', 'bomb')",550
DDQN,NA,NA,aliens,4,58,"('ENDOFSCREEN', 'avatar')",210
DDQN,NA,NA,aliens,4,58,"('base', 'bomb')",626
DDQN,NA,NA,aliens,4,58,"('avatar', 'bomb')",54
DDQN,NA,NA,aliens,4,58,"('alienBlue', 'sam')",276
DDQN,NA,NA,aliens,4,58,"('ENDOFSCREEN', 'sam')",820
DDQN,NA,NA,aliens,4,58,"('portalSlow', 'sam')",5
DDQN,NA,NA,aliens,4,58,"('ENDOFSCREEN', 'alienGreen')",232
DDQN,NA,NA,aliens,4,58,"('alienBlue', 'bomb')",1144
DDQN,NA,NA,aliens,4,58,"('avatar', 'sam')",1464
DDQN,NA,NA,aliens,4,58,"('alienGreen', 'sam')",139
DDQN,NA,NA,aliens,4,58,"('portalFast', 'sam')",6
DDQN,NA,NA,aliens,4,58,"('alienGreen', 'bomb')",491
DDQN,NA,NA,aliens,4,58,"('alienBlue', 'base')",101
DDQN,NA,NA,aliens,4,58,"('bomb', 'sam')",94
DDQN,NA,NA,aliens,4,59,"('alienGreen', 'base')",19
DDQN,NA,NA,aliens,4,59,"('alienBlue', 'avatar')",1
DDQN,NA,NA,aliens,4,59,"('alienBlue', 'portalSlow')",4527
DDQN,NA,NA,aliens,4,59,"('base', 'sam')",611
DDQN,NA,NA,aliens,4,59,"('alienGreen', 'portalFast')",1662
DDQN,NA,NA,aliens,4,59,"('ENDOFSCREEN', 'alienBlue')",522
DDQN,NA,NA,aliens,4,59,"('ENDOFSCREEN', 'bomb')",550
DDQN,NA,NA,aliens,4,59,"('ENDOFSCREEN', 'avatar')",210
DDQN,NA,NA,aliens,4,59,"('base', 'bomb')",627
DDQN,NA,NA,aliens,4,59,"('avatar', 'bomb')",55
DDQN,NA,NA,aliens,4,59,"('alienBlue', 'sam')",276
DDQN,NA,NA,aliens,4,59,"('ENDOFSCREEN', 'sam')",827
DDQN,NA,NA,aliens,4,59,"('portalSlow', 'sam')",5
DDQN,NA,NA,aliens,4,59,"('ENDOFSCREEN', 'alienGreen')",237
DDQN,NA,NA,aliens,4,59,"('alienBlue', 'bomb')",1144
DDQN,NA,NA,aliens,4,59,"('avatar', 'sam')",1478
DDQN,NA,NA,aliens,4,59,"('alienGreen', 'sam')",141
DDQN,NA,NA,aliens,4,59,"('portalFast', 'sam')",6
DDQN,NA,NA,aliens,4,59,"('alienGreen', 'bomb')",494
DDQN,NA,NA,aliens,4,59,"('alienBlue', 'base')",101
DDQN,NA,NA,aliens,4,59,"('bomb', 'sam')",94
DDQN,NA,NA,aliens,4,60,"('alienGreen', 'base')",20
DDQN,NA,NA,aliens,4,60,"('alienBlue', 'avatar')",1
DDQN,NA,NA,aliens,4,60,"('alienBlue', 'portalSlow')",4527
DDQN,NA,NA,aliens,4,60,"('base', 'sam')",620
DDQN,NA,NA,aliens,4,60,"('alienGreen', 'portalFast')",1777
DDQN,NA,NA,aliens,4,60,"('ENDOFSCREEN', 'alienBlue')",522
DDQN,NA,NA,aliens,4,60,"('ENDOFSCREEN', 'bomb')",561
DDQN,NA,NA,aliens,4,60,"('ENDOFSCREEN', 'avatar')",222
DDQN,NA,NA,aliens,4,60,"('base', 'bomb')",640
DDQN,NA,NA,aliens,4,60,"('avatar', 'bomb')",56
DDQN,NA,NA,aliens,4,60,"('alienBlue', 'sam')",276
DDQN,NA,NA,aliens,4,60,"('ENDOFSCREEN', 'sam')",835
DDQN,NA,NA,aliens,4,60,"('portalSlow', 'sam')",5
DDQN,NA,NA,aliens,4,60,"('ENDOFSCREEN', 'alienGreen')",249
DDQN,NA,NA,aliens,4,60,"('alienBlue', 'bomb')",1144
DDQN,NA,NA,aliens,4,60,"('avatar', 'sam')",1495
DDQN,NA,NA,aliens,4,60,"('alienGreen', 'sam')",146
DDQN,NA,NA,aliens,4,60,"('portalFast', 'sam')",8
DDQN,NA,NA,aliens,4,60,"('alienGreen', 'bomb')",531
DDQN,NA,NA,aliens,4,60,"('alienBlue', 'base')",101
DDQN,NA,NA,aliens,4,60,"('bomb', 'sam')",98
DDQN,NA,NA,aliens,4,61,"('alienGreen', 'base')",21
DDQN,NA,NA,aliens,4,61,"('alienBlue', 'avatar')",1
DDQN,NA,NA,aliens,4,61,"('alienBlue', 'portalSlow')",4527
DDQN,NA,NA,aliens,4,61,"('base', 'sam')",629
DDQN,NA,NA,aliens,4,61,"('alienGreen', 'portalFast')",1892
DDQN,NA,NA,aliens,4,61,"('ENDOFSCREEN', 'alienBlue')",522
DDQN,NA,NA,aliens,4,61,"('ENDOFSCREEN', 'bomb')",570
DDQN,NA,NA,aliens,4,61,"('ENDOFSCREEN', 'avatar')",235
DDQN,NA,NA,aliens,4,61,"('base', 'bomb')",653
DDQN,NA,NA,aliens,4,61,"('avatar', 'bomb')",57
DDQN,NA,NA,aliens,4,61,"('alienBlue', 'sam')",276
DDQN,NA,NA,aliens,4,61,"('ENDOFSCREEN', 'sam')",846
DDQN,NA,NA,aliens,4,61,"('portalSlow', 'sam')",5
DDQN,NA,NA,aliens,4,61,"('ENDOFSCREEN', 'alienGreen')",267
DDQN,NA,NA,aliens,4,61,"('alienBlue', 'bomb')",1144
DDQN,NA,NA,aliens,4,61,"('avatar', 'sam')",1516
DDQN,NA,NA,aliens,4,61,"('alienGreen', 'sam')",155
DDQN,NA,NA,aliens,4,61,"('portalFast', 'sam')",11
DDQN,NA,NA,aliens,4,61,"('alienGreen', 'bomb')",566
DDQN,NA,NA,aliens,4,61,"('alienBlue', 'base')",101
DDQN,NA,NA,aliens,4,61,"('bomb', 'sam')",99
DDQN,NA,NA,aliens,4,62,"('alienGreen', 'base')",21
DDQN,NA,NA,aliens,4,62,"('alienBlue', 'avatar')",1
DDQN,NA,NA,aliens,4,62,"('alienBlue', 'portalSlow')",4527
DDQN,NA,NA,aliens,4,62,"('base', 'sam')",639
DDQN,NA,NA,aliens,4,62,"('alienGreen', 'portalFast')",2009
DDQN,NA,NA,aliens,4,62,"('ENDOFSCREEN', 'alienBlue')",522
DDQN,NA,NA,aliens,4,62,"('ENDOFSCREEN', 'bomb')",572
DDQN,NA,NA,aliens,4,62,"('ENDOFSCREEN', 'avatar')",248
DDQN,NA,NA,aliens,4,62,"('base', 'bomb')",663
DDQN,NA,NA,aliens,4,62,"('avatar', 'bomb')",58
DDQN,NA,NA,aliens,4,62,"('alienBlue', 'sam')",276
DDQN,NA,NA,aliens,4,62,"('ENDOFSCREEN', 'sam')",853
DDQN,NA,NA,aliens,4,62,"('portalSlow', 'sam')",5
DDQN,NA,NA,aliens,4,62,"('ENDOFSCREEN', 'alienGreen')",280
DDQN,NA,NA,aliens,4,62,"('alienBlue', 'bomb')",1144
DDQN,NA,NA,aliens,4,62,"('avatar', 'sam')",1533
DDQN,NA,NA,aliens,4,62,"('alienGreen', 'sam')",159
DDQN,NA,NA,aliens,4,62,"('portalFast', 'sam')",15
DDQN,NA,NA,aliens,4,62,"('alienGreen', 'bomb')",586
DDQN,NA,NA,aliens,4,62,"('alienBlue', 'base')",101
DDQN,NA,NA,aliens,4,62,"('bomb', 'sam')",102
DDQN,NA,NA,aliens,4,63,"('alienGreen', 'base')",21
DDQN,NA,NA,aliens,4,63,"('alienBlue', 'avatar')",1
DDQN,NA,NA,aliens,4,63,"('alienBlue', 'portalSlow')",4527
DDQN,NA,NA,aliens,4,63,"('base', 'sam')",652
DDQN,NA,NA,aliens,4,63,"('alienGreen', 'portalFast')",2128
DDQN,NA,NA,aliens,4,63,"('ENDOFSCREEN', 'alienBlue')",522
DDQN,NA,NA,aliens,4,63,"('ENDOFSCREEN', 'bomb')",587
DDQN,NA,NA,aliens,4,63,"('ENDOFSCREEN', 'avatar')",251
DDQN,NA,NA,aliens,4,63,"('base', 'bomb')",676
DDQN,NA,NA,aliens,4,63,"('avatar', 'bomb')",58
DDQN,NA,NA,aliens,4,63,"('alienBlue', 'sam')",276
DDQN,NA,NA,aliens,4,63,"('ENDOFSCREEN', 'sam')",879
DDQN,NA,NA,aliens,4,63,"('portalSlow', 'sam')",5
DDQN,NA,NA,aliens,4,63,"('ENDOFSCREEN', 'alienGreen')",305
DDQN,NA,NA,aliens,4,63,"('alienBlue', 'bomb')",1144
DDQN,NA,NA,aliens,4,63,"('avatar', 'sam')",1573
DDQN,NA,NA,aliens,4,63,"('alienGreen', 'sam')",179
DDQN,NA,NA,aliens,4,63,"('portalFast', 'sam')",15
DDQN,NA,NA,aliens,4,63,"('alienGreen', 'bomb')",625
DDQN,NA,NA,aliens,4,63,"('alienBlue', 'base')",101
DDQN,NA,NA,aliens,4,63,"('bomb', 'sam')",102
